Nombre;Apellido;Torre;Piso;Numero de apartamento;CC
Joseph;Carter;1;13;1;12345678
Mary;Hall;1;10;2;23456789
Paul;Hill;1;10;1;34567890
David;Torres;1;1;3;45678901
Donna;Gomez;1;7;1;56789012
Ashley;Rodriguez;1;9;3;67890123
Jennifer;Walker;1;6;1;78901234
Robert;Flores;1;12;2;89012345
Emily;Jones;1;9;2;90123456
Nancy;Anderson;1;1;1;1234567
George;Williams;1;11;2;11223344
Kevin;Thompson;1;15;3;22334455
Karen;Wilson;1;2;2;33445566
Matthew;Young;1;10;3;44556677
Steven;Jackson;1;9;1;55667788
Andrew;Nelson;1;7;3;66778899
Paul;Hill;1;15;1;77889900
David;Torres;1;8;3;88990011
Donna;Gomez;1;2;1;99101122
Ashley;Rodriguez;1;8;1;10212233
Deborah;Martinez;1;14;3;20323344
Mark;Thomas;1;3;2;30434455
Nancy;Anderson;1;4;2;40545566
Michelle;Hernandez;1;5;3;50656677
Kevin;Thompson;1;14;1;60767788
Karen;Wilson;1;13;2;70878899
John;Sanchez;1;3;1;80989900
Betty;Green;1;2;3;91101123
Anthony;Moore;1;13;3;1212234
Kenneth;Martin;1;6;2;12323345
Charles;Taylor;1;7;2;22434456
William;Perez;1;5;1;32545567
Joseph;Carter;1;12;1;42656678
Paul;Hill;1;11;3;52767789
Michael;Garcia;1;4;1;62878890
David;Torres;1;14;2;72989901
Christopher;Miller;1;8;2;83101234
Donna;Gomez;1;3;3;93212345
Daniel;Lee;1;5;2;3323456
Kimberly;Ramirez;1;6;3;13434567
Donald;King;1;12;3;23545678
Michelle;Hernandez;1;1;2;33656789
Ronald;Lopez;1;15;2;43767890
Sarah;Rivera;1;11;1;53878901
Betty;Green;1;4;3;63989012
Kenneth;Martin;2;15;2;74101234
Amanda;Campbell;2;1;2;84212345
Thomas;White;2;3;1;94323456
Dorothy;Scott;2;11;3;4434567
Andrew;Nelson;2;3;3;14545678
Michael;Garcia;2;5;2;24656789
Carol;Brown;2;14;3;34767890
Christopher;Miller;2;10;2;44878901
Lisa;Nguyen;2;4;2;54989012
Sandra;Davis;2;2;1;65101123
Donald;King;2;10;1;75212234
Mark;Thomas;2;8;3;85323345
Jessica;Johnson;2;5;1;95434456
Patricia;Smith;2;9;3;5545567
Kenneth;Martin;2;12;3;15656678
Charles;Taylor;2;12;2;25767789
Thomas;White;2;7;2;35878890
Dorothy;Scott;2;1;3;45989901
William;Perez;2;13;2;56101234
Edward;Baker;2;6;1;66212345
Melissa;Wright;2;4;3;76323456
Jennifer;Walker;2;11;2;86434567
Robert;Flores;2;15;1;96545678
Daniel;Lee;2;7;1;6656789
Joshua;Roberts;2;9;2;16767890
Elizabeth;Lewis;2;2;2;26878901
George;Williams;2;13;1;36989012
Sarah;Rivera;2;5;3;47101123
Jessica;Johnson;2;3;2;57212234
Patricia;Smith;2;4;1;67323345
Steven;Jackson;2;1;1;77434456
Dorothy;Scott;2;6;2;87545567
Andrew;Nelson;2;10;3;97656678
Edward;Baker;2;14;2;7767789
Melissa;Wright;2;14;1;17878890
Lisa;Nguyen;2;7;3;27989901
Ashley;Rodriguez;2;11;1;38101234
Deborah;Martinez;2;8;2;48212345
Elizabeth;Lewis;2;12;1;58323456
Mark;Thomas;2;2;3;68434567
Nancy;Anderson;2;9;1;78545678
George;Williams;2;13;3;88656789
Kevin;Thompson;2;8;1;98767890
John;Sanchez;2;15;3;8878901
Anthony;Moore;2;6;3;18989012
Patricia;Smith;3;12;1;29101123
Charles;Taylor;3;10;3;39212234
Matthew;Young;3;15;2;49323345
Steven;Jackson;3;8;3;59434456
William;Perez;3;9;3;69545567
Edward;Baker;3;8;1;79656678
Melissa;Wright;3;10;2;89767789
Deborah;Martinez;3;2;1;99878890
Daniel;Lee;3;10;1;9989901
Kimberly;Ramirez;3;5;1;19101234
Joshua;Roberts;3;3;3;20123456
Elizabeth;Lewis;3;13;2;30234567
Susan;Adams;3;1;3;40345678
Michelle;Hernandez;3;3;2;50456789
Ronald;Lopez;3;12;3;60567890
Sarah;Rivera;3;13;3;70678901
John;Sanchez;3;3;1;80789012
Betty;Green;3;14;3;90890123
Anthony;Moore;3;2;3;100901234
Amanda;Campbell;3;9;2;11012345
Joseph;Carter;3;6;1;21123456
Mary;Hall;3;13;1;31234567
Michael;Garcia;3;12;2;41345678
Carol;Brown;3;15;3;51456789
Christopher;Miller;3;14;2;61567890
Lisa;Nguyen;3;7;1;71678901
Sandra;Davis;3;7;3;81789012
Emily;Jones;3;1;1;91890123
Kimberly;Ramirez;3;9;1;1901234
Donald;King;3;5;2;12012345
Susan;Adams;3;4;1;22123456
Ronald;Lopez;3;4;3;32234567
Matthew;Young;3;1;2;42345678
Amanda;Campbell;3;6;2;52456789
Thomas;White;3;15;1;62567890
Mary;Hall;3;11;1;72678901
Carol;Brown;3;2;2;82789012
Jennifer;Walker;3;4;2;92890123
Sandra;Davis;3;7;2;2901234
Robert;Flores;3;6;3;13012345
Emily;Jones;3;8;2;23123456
Joshua;Roberts;3;11;2;33234567
Susan;Adams;3;5;3;43345678
Karen;Wilson;3;14;1;53456789
Jessica;Johnson;3;11;3;63567890
